English,Telugu,Hindi Translation
English,Telugu,तेलुगू
A blessing in disguise,"తొలుత చెడు లాగా అనిపించినా, చివరికి మంచిగా మారినది",पहले तो यह बुरा लग रहा था लेकिन अंततः अच्छा निकला
Break the ice,పరిచయం లేని చోట సంభాషణ మొదలుపెట్టడం,एक बातचीत शुरू करना जहां अनुपचारित
Hit the nail on the head,సమస్యకు సరైన కారణాన్ని చెప్పడం,समस्या का सही कारण बताने के लिए
Burn the midnight oil,రాత్రి వేళల్లో కష్టపడుతూ పని చేయడం,मरना
Let the cat out of the bag,రహస్యాన్ని పొరపాటున బయటపెట్టడం,गलती से रहस्य प्रकट करने के लिए
Once in a blue moon,చాలా అరుదుగా జరిగే విషయం,कुछ ऐसा होता है जो बहुत कम होता है
The ball is in your court,నిర్ణయం తీసుకోవాల్సింది నువ్వే,आपको एक निर्णय लेना होगा
When pigs fly,అసలు జరగని విషయం,बात यह नहीं होती है
Bite the bullet,కష్టాన్ని ధైర్యంగా ఎదుర్కోవడం,कठिनाई की कठिनाई का सामना करने के लिए
Kill two birds with one stone,ఒక పనితో రెండు ప్రయోజనాలు పొందడం,एक कार्य के साथ दो लाभ प्राप्त करें
Piece of cake,చాలా ఈజీగా చేయగల పని,वह कार्य जिसे बहुत आसान किया जा सकता है
Cry over spilt milk,జరిగిన దాన్ని గురించి వాపోవడం,क्या हुआ
Under the weather,ఆరోగ్యం బాగోలేకపోవడం,स्वास्थ्य अपर्याप्त है
Costs an arm and a leg,చాలా ఖరీదైనది,बहुत महँगा
Hit the sack,నిద్రపోవడం,सोने के लिए
Cut corners,తక్కువ ఖర్చుతో పని జరిపించడం,कम लागत पर काम करना
Add fuel to the fire,సమస్యను మరింత పెంచడం,समस्या बढ़ रही है
At the drop of a hat,"వెంటనే, ఆలస్యం లేకుండా","तुरंत, बिना देरी के"
Back to the drawing board,మళ్లీ మొదటి నుండి మొదలుపెట్టడం,फिर से खरोंच से शुरू
Ballpark figure,అంచనా సంఖ్య,अनुमानित संख्या
Best of both worlds,రెండు మంచి ప్రయోజనాలు కలగడం,दोनों अच्छे लाभ हैं
Burn bridges,తిరిగి సంబంధాలు లేకుండా చేయడం,बिना पुन: प्रासंगिक लोगों के लिए कर रहे हैं
Call it a day,పనిని ఆ రోజు వరకు ఆపడం,उस दिन तक काम को रोकना
Caught between a rock and a hard place,రెండు కష్టాల్లో ఇరుక్కుపోవడం,दो कठिनाइयों में फंस गया
Cut to the chase,అవసరంలేని మాటలు వదిలి ముఖ్య విషయానికి రావడం,अनावश्यक शब्दों को छोड़कर ऊँची एड़ी के जूते पर आ रहा है
Devil’s advocate,ఉద్దేశపూర్వకంగా వ్యతిరేకంగా మాట్లాడే వ్యక్తి,एक व्यक्ति जो जानबूझकर बोलता है
Don’t put all your eggs in one basket,ఒకే అవకాశంపై ఆధారపడకపోవడం,एक ही अवसर पर भरोसा न करें
Every cloud has a silver lining,ప్రతికూలంలోనూ ఒక మంచితనం ఉంటుంది,नकारात्मक में एक अच्छाई होगी
Face the music,ఫలితాన్ని ధైర్యంగా ఎదుర్కోవడం,बोल्डली के परिणाम का सामना करने के लिए
Feeling under the weather,అస్వస్థంగా అనిపించడం,बीमार होना
Get cold feet,చివరి నిమిషంలో భయపడటం,अंतिम समय पर डर
Give the benefit of the doubt,ఎవరైనా నిజం చెబుతున్నారని నమ్మడం,यह मानते हुए कि कोई सच कह रहा है
Go the extra mile,అదనంగా శ్రమించడం,श्रम के अलावा
Hit the books,బాగా చదవడం,अच्छी तरह से पढ़ना
In hot water,కష్టాల్లో పడటం,मुसीबत में पड़ने के लिए
In the nick of time,సరైన సమయానికి,सही समय तक
Jump on the bandwagon,పాపులర్ విషయానికి వెంటనే చేరడం,लोकप्रिय विषय में तुरंत शामिल होना
Keep your chin up,ధైర్యంగా ఉండడం,बहादुर होना
Last straw,ఇక సహించలేని పరిస్థితి,ऐसी स्थिति जिसे अब बर्दाश्त नहीं किया जा सकता है
Leave no stone unturned,అన్నీ ప్రయత్నించడం,सब कुछ आजमाना
Miss the boat,అవకాశం కోల్పోవడం,मौका खोना
On thin ice,ప్రమాదకరమైన పరిస్థితిలో ఉండడం,एक खतरनाक स्थिति में होना
Pull someone’s leg,ఆటపట్టించడం,खेलना
Put yourself in someone’s shoes,వేరొకరి పరిస్థితిని అర్థం చేసుకోవడం,किसी और की स्थिति को समझने के लिए
Raining cats and dogs,గట్టిగా వర్షం పడటం,कसकर बारिश करना
Rome wasn’t built in a day,పెద్ద పనులు ఒక్కరోజులో జరగవు,एक ही दिन में बड़ी चीजें नहीं होती हैं
See eye to eye,ఒకే అభిప్రాయంలో ఉండడం,एक ही राय में होना
Sit on the fence,ఏ వైపు నిర్ణయం తీసుకోకపోవడం,किसी भी तरफ निर्णय लेने के लिए नहीं
Speak of the devil,ఎవరినైనా చెప్పగానే వారు రావడం,वे आ रहे हैं जब कोई कहता है
Take with a grain of salt,పూర్తిగా నమ్మకపోవడం,पूरी तरह से भरोसा नहीं है
Taste of your own medicine,మనం చేసినట్లే మనకూ జరగడం,जैसा कि हमने हमारे साथ किया है
Throw in the towel,ఓటమిని అంగీకరించడం,हार स्वीकार करना
Through thick and thin,అన్ని పరిస్థితుల్లోనూ,हर हाल में
Time flies,సమయం వేగంగా గడుస్తుంది,समय तेज है
To feel blue,బాధగా ఉండడం,दु: खी होना
To hit the road,ప్రయాణం మొదలుపెట్టడం,यात्रा पर शुरू
Too good to be true,నిజం అనిపించనంత మంచి విషయం,एक अच्छी बात जो सच नहीं लगती
Touch wood,దురదృష్టం రాకుండా జాగ్రత్తగా చెప్పడం,दुर्भाग्य से सावधानी से कहने के लिए
Turn a blind eye,చూడనట్టుగా మానుకోవడం,न देखने से बचें
Up in the air,ఇంకా నిర్ణయం కాలేదు,अभी तक कोई निर्णय नहीं
Walk in the park,చాలా ఈజీ పని,बहुत आसान काम
Wrap your head around something,అర్థం చేసుకోవడానికి కష్టపడటం,समझने में मुश्किल
You can’t judge a book by its cover,బయటి రూపం చూసి తీర్మానం చేయరాదు,बाहरी रूप को हल नहीं किया जाना चाहिए
Zip your lip,నోరు మూసుకోవడం,मुंह बंद करना
Against the clock,సమయం తక్కువగా ఉండడం,समय की कमी होना
All ears,శ్రద్ధగా వినడం,ध्यान से सुनना
At the eleventh hour,చివరి నిమిషంలో,अंतिम मिनट में
Bend over backwards,చాలా కష్టపడి సహాయం చేయడం,बहुत मेहनत से मदद करने के लिए
By the skin of your teeth,త్రుటిలో తప్పించుకోవడం,सत्य में भागना
Cold shoulder,నిర్లక్ష్యం చేయడం,की अनदेखी
Cross your fingers,మంచిదే జరుగుతుందని ఆశించడం,अच्छा होने की उम्मीद है
Cut the mustard,విజయవంతం కావడం,सफल होने के लिए
Down to earth,"వినయంగా, వాస్తవికంగా ఉండడం",विनम्र और यथार्थवादी होना
Drive someone up the wall,ఎవరినైనా చిరాకు తెప్పించడం,किसी को परेशान करना
Eat your words,చెప్పినదాన్ని వెనక్కి తీసుకోవడం,जो कहा जाता है उसे वापस लेना
Eye opener,కొత్తగా తెలిసిన నిజం,एक नया ज्ञात सत्य
Feeling blue,దిగులు పడటం,चिंतित
Fish out of water,అసౌకర్యంగా ఉండడం,असहज होना
Get a taste of your own medicine,మనం చేసినట్లే మనకూ జరగడం,जैसा कि हमने हमारे साथ किया है
Get ducks in a row,అన్నీ సక్రమంగా సిద్ధం చేయడం,तैयार करने के लिए सब अधिकार है
Give someone the cold shoulder,ఎవరినైనా పట్టించుకోకపోవడం,किसी की परवाह मत करो
Go down in flames,పూర్తిగా విఫలమవడం,पूरी तरह से असफल
Go out on a limb,రిస్క్ తీసుకోవడం,जोखिम लेने
Hang in there,ఆగిపోకుండా ధైర్యంగా ఉండడం,बिना रुके बहादुर होना
Have bigger fish to fry,మరింత ముఖ్యమైన పనులు ఉండడం,अधिक महत्वपूर्ण कार्य होना
Hit the jackpot,అదృష్టం కొట్టడం,लकी पीटा
In the loop,సమాచారం లోపల ఉండడం,जानकारी के अंदर होना
It takes two to tango,ఇద్దరూ సమానంగా బాధ్యత వహించాలి,दोनों को समान रूप से जिम्मेदार होना चाहिए
Jump the gun,ముందుగానే తొందరపడి పని చేయడం,अग्रिम काम करने के लिए
Keep an eye on,గమనిస్తూ ఉండడం,अवलोकन करना
Kick the bucket,చనిపోవడం (వాడుకలో),मरना (अप्रचलित में)
Know the ropes,పని గురించి బాగా తెలుసుకోవడం,अच्छी तरह से काम के बारे में पता है
Light at the end of the tunnel,కష్టాల తర్వాత మంచి ఫలితం కనిపించడం,प्रतिकूलता के बाद एक अच्छा परिणाम प्रतीत होता है
Make a long story short,సంక్షిప్తంగా చెప్పడం,संक्षेप में कहने के लिए
Make ends meet,ఆదాయం ఖర్చులకు సరిపోవడం,आय व्यय के लिए उपयुक्त
On cloud nine,చాలా సంతోషంగా ఉండడం,बहुत खुश होना
Out of the blue,ఆకస్మికంగా జరగడం,अचानक हो रहा है
Over the moon,చాలా ఆనందంగా ఉండడం,बहुत खुश होना
Play it by ear,పరిస్థితికి అనుగుణంగా వ్యవహరించడం,स्थिति के अनुसार निपटना
The tip of the iceberg,"సమస్యలో కనబడింది చిన్న భాగమే, ఇంకా ఎక్కువ ఉంది","समस्या सबसे छोटे हिस्से में है, और अधिक है"
A storm in a teacup,చిన్న విషయాన్ని పెద్ద సమస్యగా చూపించడం,एक बड़ी समस्या के रूप में छोटी चीज को दिखा रहा है
All in the same boat,అందరూ ఒకే సమస్యలో ఉండటం,हर कोई एक ही समस्या में है
An arm and a leg,చాలా ఖరీదైనది,बहुत महँगा
Apple of someone’s eye,చాలా ఇష్టమైన వ్యక్తి,एक बहुत पसंदीदा व्यक्ति
At the crack of dawn,తెల్లవారగానే,सुबह के रूप में जल्दी
Barking up the wrong tree,తప్పు వ్యక్తిపై ఆరోపణ చేయడం,गलत व्यक्ति पर आरोप लगाते हुए
Beat around the bush,ముఖ్య విషయానికి రాకుండా తిరగడం,ऊँची एड़ी के जूते से दूर
Better late than never,ఆలస్యమైనా వచ్చినా మంచిదే,देर से आना अच्छा है
Birds of a feather flock together,ఒకే స్వభావం ఉన్నవాళ్లు కలిసే ఉంటారు,"जिनके पास समान प्रकृति है, वे मिलेंगे"
Blow hot and cold,తారుమారు మనసు చూపించడం,हेरफेर दिमाग दिखा रहा है
Break a leg,శుభాకాంక్షలు (ప్రత్యేకంగా ప్రదర్శన ముందు),अभिवादन (विशेष रूप से शो से पहले)
Bring to light,బయట పెట్టడం,उत्पादित करना
By hook or by crook,ఏ విధంగానైనా,किसी भी तरह
Call a spade a spade,నిజం నిజంగానే చెప్పడం,सच वास्तव में बता रहा है
Cast in stone,మార్పు చేయలేని నిర్ణయం,एक निर्णय जिसे बदला नहीं जा सकता
Clam up,ఒక్కసారిగా మాట్లాడకపోవడం,एक बार में मत बोलो
Close but no cigar,దగ్గరగా విజయానికి వచ్చి విఫలమవడం,एक करीबी सफलता और असफल होने के लिए
Come rain or shine,ఏ పరిస్థితిలోనైనా,किसी भी स्थिति में
Cook up a story,అబద్ధం చెప్పడం,झूठ बोलना
Cry wolf,అబద్ధపు హెచ్చరికలు ఇవ్వడం,झूठी चेतावनी देना
Cut the ice,మొదలు పెట్టడం,आरंभ
Dead as a doornail,పూర్తిగా చనిపోయినది,पूरी तरह से मृत
Dig your heels in,మొండిగా నిర్ణయం తీసుకోవడం,ज़बरदस्त निर्णय
Dog days,వేసవి తీవ్ర ఉష్ణ కాలం,ग्रीष्मकालीन चरम थर्मल काल
Don’t cry over spilt milk,జరిగినదాన్ని గురించి వాపోవద్దు,क्या हुआ के बारे में चिंता मत करो
Don’t bite the hand that feeds you,సహాయం చేసిన వారిని కష్టపెట్టకండి,उन लोगों को सख्त न करें जिन्होंने मदद की है
Drive someone crazy,చిరాకు తెప్పించడం,परेशान
Eat like a bird,చాలా తక్కువగా తినడం,बहुत कम खाना
Eat like a horse,చాలా ఎక్కువగా తినడం,अत्यधिक खाना
Eleventh-hour decision,చివరి నిమిషం లో తీసుకున్న నిర్ణయం,अंतिम मिनट में लिया गया निर्णय
Every dog has its day,ప్రతి ఒక్కరికీ ఒకరోజు అవకాశం వస్తుంది,सभी को एक दिन मौका मिलता है
Feel on top of the world,చాలా ఆనందంగా ఉండటం,बहुत खुश होना
Fight tooth and nail,గట్టిగా పోరాడటం,संघर्ष के लिए संघर्ष
Fishy story,అనుమానాస్పదమైన కథ,एक संदिग्ध कहानी
Flash in the pan,తాత్కాలిక విజయమే కానీ దీర్ఘకాలం కాదు,अस्थायी जीत लेकिन लंबे समय तक नहीं
Fly off the handle,ఒక్కసారిగా కోపం రావడం,अचानक गुस्सा
From the horse’s mouth,నేరుగా అసలు వనరులోనుంచి సమాచారం,मूल संसाधन से सीधे जानकारी
Full of beans,ఉత్సాహంగా ఉండటం,उत्साही होना
Give someone a hand,సహాయం చేయడం,की मदद
Go Dutch,ఖర్చు పంచుకోవడం,साझाकरण लागत
Go the whole hog,పూర్తిగా చేయడం,पूरी तरह से कर रहे हैं
Grin from ear to ear,పెద్దగా నవ్వడం,हंसते हुए बड़ा
Have a change of heart,అభిప్రాయం మార్చుకోవడం,बदलती राय
Have your hands full,చాలా బిజీగా ఉండటం,बहुत व्यस्त होना
Head over heels,ప్రేమలో మునిగిపోవడం,प्यार में डूबना
Heart in your mouth,చాలా టెన్షన్ అనిపించడం,बहुत तनाव के लिए लग रहा है
Hit below the belt,అన్యాయం చేయడం,अन्याय करना
Hold your horses,ఓపిక పడడం,धैर्य
In black and white,"స్పష్టంగా, లిఖిత రూపంలో","स्पष्ट रूप से, एक लिखित रूप में"
In deep water,కష్టాల్లో ఉండటం,मुसीबत में रहना
In full swing,జోరుగా జరుగుతున్నది,एक विस्तृत श्रृंखला है
In the long run,"చివరికి, దీర్ఘకాలంలో","अंत में, लंबे समय में"
In your dreams,అసలు జరగని విషయం,बात यह नहीं होती है
Jump the queue,క్యూలో ముందుకు రావడం,कतार में आगे आ रहा है
Keep your eyes peeled,జాగ్రత్తగా చూడటం,ध्यान से देख रहे हैं
Kick up a fuss,గొడవ పెట్టుకోవడం,लड़ने के लिए
Know it like the back of your hand,బాగా తెలుసుకోవడం,अच्छी तरह से पता करना
Lame excuse,సరైన కారణం కానిది,सही कारण नहीं है
Let sleeping dogs lie,అవసరం లేని సమస్యను మేల్కొల్పకండి,ऐसी समस्या को जगाएं जो आवश्यक नहीं है
Let someone off the hook,శిక్ష నుండి విడిపించడం,सजा से मुक्त
Like a bull in a china shop,జాగ్రత్తలేకుండా పని చేయడం,सावधानी के बिना काम करने के लिए
Like two peas in a pod,చాలా ఒకేలా ఉండటం,बहुत समान होना
Make a beeline for,నేరుగా దాని దగ్గరికి వెళ్లడం,सीधे इसके करीब
Make a mountain out of a molehill,చిన్న విషయాన్ని పెద్దది చేయడం,छोटी चीज को बड़ा बनाने के लिए
Method to the madness,వింతగా కనిపించినా కారణం ఉండటం,अजीब दिखने के कारण का कारण
Money doesn’t grow on trees,డబ్బు సులభంగా రావడం కాదు,पैसा आना आसान नहीं है
Move heaven and earth,ఎంత కష్టమైనా ప్రయత్నించడం,कोशिश करना कितना कठिन है
Mum’s the word,రహస్యంగా ఉంచడం,रहस्य रखना
Not one’s cup of tea,తనకు నచ్చని విషయం,कुछ उसे पसंद नहीं है
Off the record,గోప్యంగా చెప్పినది,गोपनीय
Old habits die hard,పాత అలవాట్లు వదలడం కష్టం,पुरानी आदतों को छोड़ना मुश्किल है
On the dot,సమయానికి,समय के समय तक
On the spur of the moment,ఆలోచించకుండా అకస్మాత్తుగా చేయడం,बिना सोचे समझे अचानक
"Out of sight, out of mind",కనపడకపోతే మరచిపోవడం,भूल जाना अगर नहीं
Out of the frying pan into the fire,ఒక కష్టం నుంచి మరో పెద్ద కష్టంలో పడటం,एक कठिनाई से दूसरे में गिरना
Over the top,ఎక్కువగా చేసి చూపించడం,अधिकांश दिखा
Pass the buck,బాధ్యత వేరే వాళ్లపై నెట్టివేయడం,देयता
Pay through the nose,చాలా ఎక్కువ ఖర్చు చేయడం,बहुत अधिक खर्च करने के लिए
Play devil’s advocate,ఉద్దేశపూర్వకంగా వ్యతిరేకించడం,जानबूझकर विरोध
Play second fiddle,రెండో స్థానంలో ఉండడం,दूसरे स्थान पर है
Pull strings,ప్రభావం చూపించడం,एक प्रभाव बनाने के लिए
Put all your eggs in one basket,ఒకే అవకాశంపై ఆధారపడటం,एक ही अवसर पर भरोसा करना
Put two and two together,తర్కం ద్వారా అర్థం చేసుకోవడం,तर्क द्वारा समझने के लिए
Read between the lines,లోతైన అర్థం తెలుసుకోవడం,गहरे अर्थ को जानने के लिए
Read someone like a book,ఎవరి ఆలోచనలూ సులభంగా తెలుసుకోవడం,यह जानना कि किसके विचार जानना आसान है
Ring a bell,ఎక్కడో విన్నట్టుగా అనిపించడం,कहीं सुनने जैसा लगता है
Rock the boat,పరిస్థితి చెడగొట్టడం,स्थिति परेशान कर रही है
Rule of thumb,అనుభవంతో వచ్చిన సాధారణ నియమం,सामान्य नियम जो अनुभव के साथ आता है
Safe and sound,సురక్షితంగా ఉండటం,सुरक्षित होना
Saved by the bell,చివరి నిమిషంలో కాపాడబడటం,अंतिम समय में बचाया जाना
See red,కోపంతో మండిపోవడం,गुस्से में जलना
Set the ball rolling,పనిని మొదలుపెట్టడం,प्रारंभिक कार्य
Shot in the dark,అంచనాగా చెప్పడం,एक अनुमान के रूप में कहना
Show your true colors,అసలు స్వభావం బయట పెట్టడం,मूल प्रकृति को प्रकट करने के लिए
Skeleton in the closet,దాచిన రహస్యాలు,छिपे हुए रहस्य
Sleep on it,నిర్ణయం తీసుకోవడానికి సమయం తీసుకోవడం,निर्णय लेने के लिए समय निकालना
Smell a rat,అనుమానం రావడం,संदेह आ रहा है
Snowed under,చాలా పనిలో మునిగిపోవడం,बहुत काम में डूबना
Spill the beans,రహస్యాన్ని బయట పెట్టడం,रहस्य को बाहर करना
Steal someone’s thunder,ఇతరుల క్రెడిట్ తీసుకోవడం,दूसरों का श्रेय लेने के लिए
Stick to your guns,తన నిర్ణయంపై నిలబడటం,अपने फैसले पर खड़े होकर
Straight from the horse’s mouth,నేరుగా విశ్వసనీయమైన వనరులోనుంచి సమాచారం,सीधे विश्वसनीय संसाधन से जानकारी
Take a back seat,"వెనకబడి ఉండటం, తక్కువ పాత్ర పోషించడం","पिछड़े होने के नाते, एक कम भूमिका निभाना"
Take a rain check,తర్వాతికి వాయిదా వేసుకోవడం,अगले को स्थगित करना
Take it easy,ఆరామంగా ఉండు,रहना
Take the cake,"అతి, అసాధారణం కావడం","बेहद, असामान्य"
Take the edge off,ప్రభావం తగ్గించడం,प्रभाव को कम करना
Take the plunge,పెద్ద నిర్ణయం తీసుకోవడం,एक बड़ा निर्णय लेना
Talk of the town,అందరూ మాట్లాడుకునే విషయం,हर कोई बात कर रहा है
Throw caution to the wind,రిస్క్ తీసుకోవడం,जोखिम लेने
Toe the line,నియమాలను పాటించడం,नियमों का पालन करते हुए
Turn the tables,పరిస్థితిని మార్చి గెలవడం,स्थिति जीतना
Under your nose,మీ ముందే ఉన్నది,आपके सामने आपका
Until the cows come home,చాలా ఎక్కువ సమయం వరకు,बहुत अधिक समय तक
Up for grabs,అందరికీ లభ్యమయ్యేది,सभी के लिए उपलब्ध है
Variety is the spice of life,భిన్నత్వమే జీవితంలో రుచికరమైనది,जीवन में विविधता स्वादिष्ट है
Wait for the dust to settle,పరిస్థితి స్థిరపడే వరకు ఆగడం,स्थिति तय होने तक रुकना
Walk on air,చాలా ఆనందంగా ఉండటం,बहुत खुश होना
Wash your hands of something,సంబంధం లేకుండా పోవడం,निम्न पर ध्यान दिए बगैर
Water under the bridge,"గతంలో జరిగిన, ఇప్పుడు ముఖ్యం కాని విషయం","अतीत में हुआ, अब यह महत्वपूर्ण नहीं है"
Wear your heart on your sleeve,తన భావాలను బయటపెట్టడం,उसकी भावनाओं को उजागर करना
Wild goose chase,వృధా ప్రయాస,बर्बाद संघर्ष
With flying colors,విజయవంతంగా,सफलतापूर्वक
Word of mouth,మాటల ద్వారా వ్యాప్తి,शब्दों में फैलाना
Work like a dog,చాలా కష్టపడటం,बहुत कठिन
Yellow-bellied,భయపడే వ్యక్తి,एक व्यक्ति जो डरता है
Your guess is as good as mine,నాకు కూడా తెలియదు,मैं भी नहीं जानता
Ace up your sleeve,రహస్యంగా ఉంచిన ప్రయోజనం,गुप्त गुप्त का उद्देश्य
As cool as a cucumber,చాలా శాంతంగా ఉండటం,बहुत शांत होना
As fit as a fiddle,ఆరోగ్యంగా ఉండటం,स्वस्थ होना
As light as a feather,చాలా తేలికైనది,बहुत हल्का
As quick as a flash,చాలా వేగంగా,बहुत तेज
At the end of your rope,ఇక సహించలేని స్థితి,सहिष्णु की स्थिति
Back against the wall,తప్పించుకోలేని పరిస్థితి,ऐसी स्थिति जिसे टाला नहीं जा सकता
Be all ears,శ్రద్ధగా వినడం,ध्यान से सुनना
Be all in the same boat,ఒకే సమస్యలో ఉండటం,एक ही समस्या में होना
Be full of hot air,పనికిరాని మాటలు మాట్లాడటం,बेकार शब्द बोलना
Be in someone’s shoes,వేరొకరి పరిస్థితిలో ఉండటం,किसी और की स्थिति में होना
Be like chalk and cheese,పూర్తిగా వేరుగా ఉండటం,पूरी तरह से अलग होना
Be on cloud nine,చాలా సంతోషంగా ఉండటం,बहुत खुश होना
Be over the hill,వయసు దాటిపోవడం,उम्र से परे उम्र
Be snowed in,మంచు వల్ల ఇరుక్కుపోవడం,बर्फ में फंस गया
Beat a dead horse,అవసరం లేని విషయాన్ని పునరావృతం చేయడం,उस सामग्री को दोहराना जिसकी आवश्यकता नहीं है
Behind closed doors,గోప్యంగా,गोपनीय
Better safe than sorry,జాగ్రత్త మంచిది,देखभाल अच्छी है
Big cheese,ముఖ్యమైన వ్యక్తి,महत्वपूर्ण व्यक्ति
Big fish in a small pond,చిన్న వర్గంలో పెద్ద వ్యక్తి,छोटी श्रेणी का व्यक्ति जितना बड़ा होता है
Big shot,ప్రభావశీలి,प्रभाव
Bird’s eye view,సమగ్ర దృశ్యం,एक व्यापक दृश्य
Bite your tongue,మాట్లాడకుండా ఆగిపోవడం,बात करना बंद करें
Blind as a bat,ఏమి చూడలేని స్థితి,देखने में असमर्थ की स्थिति
Blow off steam,కోపం తగ్గించుకోవడం,क्रोध को कम करना
Break the bank,మొత్తం డబ్బు ఖర్చు చేయడం,सभी पैसे खर्च करने के लिए
Bring down the house,ప్రేక్షకులను మురిపించడం,दर्शकों को अभिभूत करने के लिए
Build castles in the air,అసాధ్యమైన కలలు కనడం,असंभव सपनों में दिखाई दे रहा है
Burn your fingers,తప్పు చేయడం వల్ల నష్టపోవడం,गलती करके नुकसान
Call it quits,మానేయడం,अर्थ
Carry the day,విజయవంతం కావడం,सफल होने के लिए
Cat nap,చిన్న నిద్ర,छोटी नींद
Chip off the old block,తండ్రి లాగా కొడుకు ఉండటం,पिता की तरह बेटा होना
Clean slate,కొత్తగా మొదలు పెట్టడం,नया शुरू करना
Climb the ladder,విజయానికి ఎదగడం,सफलता के लिए बढ़ रहा है
Come clean,నిజం చెప్పడం,सच बोलने के लिए
Cool as ice,శాంతంగా ఉండటం,शांत होना
Couch potato,అలసటగా ఎప్పుడూ టీవీ చూసేవాడు,थका हुआ कभी टीवी न देखें
Crack the whip,కఠినంగా నియంత్రించడం,कसकर नियंत्रित करना
Cry over nothing,అవసరం లేని విషయంపై ఏడవడం,उस विषय पर रोना जिसकी आवश्यकता नहीं है
Cut a deal,ఒప్పందం కుదుర్చుకోవడం,समझौते में प्रवेश करने के लिए
Cut no ice,ప్రభావం చూపకపోవడం,अपर्याप्त प्रभाव
Dance to someone’s tune,ఇతరుల మాటలు వినడం,दूसरों के शब्दों को सुनकर
Dark horse,అనుకోని విజేత,एक अप्रत्याशित विजेता
Dead end,మార్గం లేకపోవడం,मार्ग की कमी
Deep pockets,చాలా ధనవంతుడు,बहुत अमीर
Dog eat dog world,కఠిన పోటీ ప్రపంచం,सख्त प्रतिस्पर्धी दुनिया
Don’t count your chickens before they hatch,జరగకముందే లెక్కించకండి,होने से पहले गिनती न करें
Don’t jump the gun,ముందే తొందరపడకండి,पहले जल्दी मत करो
Don’t make a mountain out of a molehill,చిన్న విషయాన్ని పెద్దది చేయకండి,छोटी चीजें बड़ी न करें
Draw the line,హద్దు పెట్టడం,सीमांकन
Drop a line,చిన్న మెసేజ్ పంపడం,एक छोटा सा संदेश भेजना
Dutch courage,మందు తాగిన తర్వాత వచ్చిన ధైర్యం,ड्रग नशे के बाद पहुंचने का साहस
"Easy come, easy go",సులభంగా వచ్చినది సులభంగా పోతుంది,पहुंचने के लिए आसान आसानी से खो जाता है
Eat humble pie,తప్పు అంగీకరించడం,गलत स्वीकार करना
Elephant in the room,అందరూ పట్టించుకోని పెద్ద సమస్య,एक बड़ी समस्या जो हर किसी को परवाह नहीं है
End of the line,చివరి దశ,अंतिम चरण
Fall flat,విఫలమవడం,असफलता
Fall on deaf ears,పట్టించుకోకపోవడం,की उपेक्षा
Feather in your cap,గర్వకారణం,गर्व
Fifth wheel,అవసరం లేని వ్యక్తి,एक व्यक्ति जिसकी आवश्यकता नहीं है
Find your feet,కొత్త పరిస్థితికి అలవాటు పడటం,नई स्थिति के लिए इस्तेमाल होने की आदत
Finger in every pie,అన్నింటిలోనూ కలగజేయడం,यह सब के दौरान
Fit the bill,అవసరానికి సరిపోవడం,ज़रूरत को पूरा करने के लिए
Follow suit,ఇతరుల మాదిరిగా చేయడం,दूसरों की तरह करना
For a song,చాలా తక్కువ ధరకు,बहुत सस्ती कीमत के लिए
French leave,చెప్పకుండా వెళ్లిపోవడం,बिना कहे बाहर जाना
From rags to riches,పేదరికం నుంచి సంపదకు చేరడం,गरीबी से धन तक पहुंचने के लिए
Full circle,మొదట్లో ఉన్న స్థితికి తిరిగి రావడం,जल्दी की स्थिति में लौटकर
Game of two halves,పరిస్థితి మధ్యలో మారిపోవడం,स्थिति के बीच में बदलना
Get into hot water,కష్టాల్లో పడటం,मुसीबत में पड़ने के लिए
Get the ball rolling,మొదలు పెట్టడం,आरंभ
Get wind of,సమాచారం దొరకడం,जानकारी खोजने के लिए
Gift of the gab,బాగా మాట్లాడగల శక్తి,अच्छी तरह से बोलने की शक्ति
Give the game away,రహస్యాన్ని బయట పెట్టడం,रहस्य को बाहर करना
Go belly up,విఫలమవడం,असफलता
Go down swinging,చివరి వరకు ప్రయత్నించడం,अंत तक होने की कोशिश कर रहा है
Go for broke,మొత్తం రిస్క్ చేయడం,संपूर्ण जोखिम
Go nuts,పిచ్చివాడిలా ప్రవర్తించడం,एक पागल की तरह व्यवहार करना
Go to the dogs,చెడిపోవడం,हानि
Golden handshake,రిటైర్మెంట్ బెనిఫిట్,सेवानिवृत्ति परिलाभ
Green with envy,అసూయతో మండిపోవడం,ईर्ष्या के साथ जलना
Grin and bear it,కష్టాన్ని సహించడం,कठिनाई को सहन करने के लिए
Have a bone to pick,ఫిర్యాదు చేయడం,उपालंभ देना
Have a chip on your shoulder,కోపంతో ఉండటం,गुस्सा होना
Have a sweet tooth,తీపి పదార్థాలు ఇష్టపడటం,पसंदीदा मीठी सामग्री
Have bigger fish to fry,మరింత ముఖ్యమైన పనులు ఉండడం,अधिक महत्वपूर्ण कार्य होना
Have your cake and eat it too,రెండూ ప్రయోజనాలు పొందాలని ఆశించడం,दोनों लाभों की कामना करना
Head in the clouds,వాస్తవం పట్టించుకోకపోవడం,तथ्य को अनदेखा करना
Heart of gold,మంచితనం గల వ్యక్తి,अच्छाई के साथ एक व्यक्ति
Hell or high water,ఏ కష్టమైనా ఎదుర్కోవడం,किसी भी कठिनाई का सामना करना
Hit the jackpot,అదృష్టం కొట్టడం,लकी पीटा
Hold all the cards,నియంత్రణలో ఉండటం,नियंत्रण में होना
Hold the fort,బాధ్యతలు తాత్కాలికంగా చూసుకోవడం,अस्थायी रूप से जिम्मेदारियों की देखभाल करने के लिए
Hold your tongue,నిశ్శబ్దంగా ఉండటం,चुप रहना
Hot potato,సమస్యాత్మకమైన విషయం,एक समस्या जो समस्याग्रस्त है
Hush-hush,రహస్యంగా,गुप्त रूप से
In a nutshell,సంక్షిప్తంగా,संक्षेप में
In cold blood,క్రూరంగా,बेतहाशा
In the fast lane,వేగంగా జీవించడం,तेजी से जीने के लिए
In the limelight,అందరి దృష్టిలో ఉండటం,सभी की नजर में होना
In the same breath,ఒకేసారి విరుద్ధంగా చెప్పడం,एक बार में विपरीत बताने के लिए
Iron out differences,సమస్యలు పరిష్కరించడం,समस्याओं को सुलझा रहा
Jack of all trades,అన్నీ తెలిసినవాడు కానీ నిపుణుడు కాదు,क्या आप जानते हैं लेकिन विशेषज्ञ नहीं हैं
Jump ship,వదిలి వెళ్లిపోవడం,छोड़कर
Keep a low profile,పెద్దగా కనిపించకుండా ఉండడం,काफी हद तक गायब होना
Keep tabs on,గమనిస్తూ ఉండడం,अवलोकन करना
Keep the ball in play,కొనసాగించడం,जारी रखना
Keep your nose clean,సమస్యలలో పడకపోవడం,मुसीबत में लग रहा है
Kick the habit,అలవాటు వదలడం,छोड़ने की आदत
Knock on wood,దురదృష్టం రాకుండా ఆశించడం,दुर्भाग्य से छुटकारा पाने की उम्मीद है
Know the ropes,పని గురించి బాగా తెలుసుకోవడం,अच्छी तरह से काम के बारे में पता है
Landslide victory,ఘన విజయం,ठोस सफलता
Laughing stock,నవ్వుల పాలు కావడం,हँसी का दूध
Lay down the law,కఠినంగా నియమాలు చెప్పడం,नियमों को सख्ती से बताने के लिए
Leave someone in the lurch,కష్ట సమయంలో వదిలేయడం,एक मुश्किल समय पर छोड़कर
Let bygones be bygones,పాత విషయాలు మర్చిపోవడం,पुरानी चीजों को भूलकर
Let hair down,రిలాక్స్ అవ్వడం,आराम करना
Let off steam,కోపం బయట పెట్టుకోవడం,क्रोध को उजागर करना
Life of the party,అందరినీ ఆనందపరచే వ్యక్తి,एक व्यक्ति जो सभी का आनंद लेता है
Like a house on fire,వెంటనే మంచి సంబంధం ఏర్పడటం,एक अच्छे संबंध बनाने के तुरंत बाद
Lion’s share,ఎక్కువ భాగం,सर्वाधिक समय
Live and let live,ఇతరులను అంగీకరించడం,दूसरों को स्वीकार करना
Living on borrowed time,ఎప్పుడైనా జరగబోయే ప్రమాదంలో ఉండటం,कभी भी होने के खतरे में होना
Lo and behold,ఆశ్చర్యంగా,हैरानी की बात है
Lock horns,వాదనకు దిగడం,एक तर्क में हो रही है
Long shot,జరగే అవకాశం తక్కువ,होने का मौका कम है
Loose cannon,అదుపులో లేని వ్యక్తి,एक व्यक्ति जो नियंत्रण में नहीं है
Lose your marbles,పిచ్చివాడిలా మారడం,पागल हो जाना
Make a killing,ఎక్కువ లాభం పొందడం,अधिक लाभ प्राप्त करें
Make hay while the sun shines,అవకాశం ఉన్నప్పుడు ఉపయోగించుకోండి,अवसर का उपयोग करें
Make waves,పెద్ద ప్రభావం చూపించడం,एक बड़ा प्रभाव बनाने के लिए
Man of his word,మాట నిలబెట్టుకునే వ్యక్తి,एक व्यक्ति जो शब्द को बरकरार रखता है
Man of the hour,ఆ సమయంలో ముఖ్యమైన వ్యక్తి,उस समय एक महत्वपूर्ण व्यक्ति
Meet halfway,రాజీ చేసుకోవడం,समझौता
Miss the mark,విఫలమవడం,असफलता
Move mountains,అసాధ్యమైన పనులు చేయడం,असंभव कार्य करना
Music to my ears,సంతోషం కలిగించే విషయం,एक ऐसी चीज जो खुशी का कारण बनती है
Neck and neck,సమాన స్థితిలో ఉండటం,समान स्थिति में होना
Needle in a haystack,చాలా కష్టంగా దొరికేది,बहुत मुश्किल
Never say die,ఎప్పుడూ ఆశ వదలకండి,कभी भी उम्मीद नहीं है
New lease of life,కొత్త అవకాశంతో జీవితం,एक नए अवसर के साथ जीवन
Next to nothing,చాలా తక్కువ,ज़रा सा
Nip in the bud,మొదట్లోనే ఆపేయడం,शुरुआत में रुकना
No-brainer,సులభంగా నిర్ణయం తీసుకోవలసిన విషయం,एक आसान निर्णय लेने के लिए कुछ
Not a spark of decency,మర్యాద లేకపోవడం,शिष्टाचार की कमी
Not the end of the world,అంతగా పెద్ద సమస్య కాదు,बड़ी समस्या नहीं है
Off the beaten track,సాధారణం కానిది,नॉन -ससुअल है
Off the cuff,ముందస్తు సిద్ధం లేకుండా,बिना तैयारी के
Off the hook,శిక్ష తప్పించుకోవడం,पलायन दण्ड
Off the record,అధికారికంగా కాకుండా,बल्कि आधिकारिक तौर पर
Old hat,"పాతది, బోరింగ్","पुराना, उबाऊ"
On a roll,వరుస విజయాల్లో ఉండడం,सफलताओं की एक श्रृंखला में होना
On cloud nine,ఆనందంగా ఉండటం,खुश रहना
On pins and needles,ఆత్రుతతో ఎదురుచూడడం,उत्सुकता के लिए आगे देख रहे हैं
On the ball,"జాగ్రత్తగా, తెలివిగా ఉండటం",सावधान और शांत होना
On the rocks,సమస్యల్లో పడటం,समस्याओं में गिरना
On the same page,ఒకే అభిప్రాయంలో ఉండటం,एक ही राय में होना
On the tip of your tongue,గుర్తొచ్చే లోపలే ఉండటం,अंदर होना
On thin ice,ప్రమాదంలో ఉండటం,खतरे में होना
"Once bitten, twice shy",ఒకసారి మోసపోతే జాగ్రత్తగా ఉండటం,एक बार सावधान रहना
Open a can of worms,సమస్యల్ని పెంచడం,बढ़ती समस्याएं
Out and out,పూర్తిగా,पूरी तरह
Out of sorts,బాగోలేకపోవడం,पर पहुंच-योग्य
Out of the blue,ఆకస్మికంగా,अचानक
Out of the woods,కష్టాల నుంచి బయటపడటం,मुसीबत से बाहर निकलना
Over the hill,వయసు మించిపోయిన,आयु से अधिक
Over the moon,ఆనందంగా ఉండటం,खुश रहना
Own flesh and blood,తన సొంత బంధువు,उसका अपना चचेरा भाई
Pain in the neck,చిరాకు తెప్పించే విషయం,कुछ परेशान करना
Paint the town red,మస్తిగా సరదాగా గడపడం,मास्टिगा मज़ा
Pass the hat around,డబ్బు సేకరించడం,धन एकत्र करना
Pay lip service,నోటి మాటలతో మాత్రమే మద్దతు ఇవ్వడం,केवल मुंह के शब्द का समर्थन करने के लिए
Take with a grain of salt,పూర్తిగా నమ్మకండి,पूरी तरह से भरोसा मत करो
Talk of the town,అందరూ మాట్లాడే విషయం,हर कोई बात कर रहा है
The best of both worlds,రెండు ప్రయోజనాలు కలిసినది,एक साथ दो फायदे
The early bird catches the worm,త్వరగా ప్రయత్నించినవాడికి లాభం,किसी के लिए लाभ जिसने जल्दी से कोशिश की
The elephant in the room,అందరూ తెలుసు కానీ మాట్లాడని విషయం,हर कोई जानता है लेकिन कुछ ऐसा नहीं बोलता है
The tip of the iceberg,సమస్యలో చిన్న భాగమే బయటపడినది,समस्या का सबसे छोटा हिस्सा बाहर है
There’s no smoke without fire,కారణం లేకుండా పుకార్లు రావు,अफवाहें बिना कारण नहीं आती हैं
Through thick and thin,అన్ని పరిస్థితుల్లోనూ,हर हाल में
Throw in the towel,ఓటమి అంగీకరించడం,हार स्वीकार करना
Tie the knot,పెళ్లి చేసుకోవడం,शादी होना
Time flies,సమయం త్వరగా గడిచిపోతుంది,समय जल्दी से बीत जाता है
To add fuel to the fire,పరిస్థితిని మరింత చెడగొట్టడం,स्थिति को परेशान करना
To beat the clock,సమయానికి ముందే పూర్తి చేయడం,समय से पहले पूरा करना
To blow one’s own trumpet,తన ప్రతిభను తానే పొగడడం,अपनी प्रतिभा को धूम्रपान करना
To burn bridges,సంబంధాలను పూర్తిగా తెంచుకోవడం,रिश्तों को पूरी तरह से बाधित करने के लिए
To cut to the chase,ముఖ్య విషయానికి రావడం,ऊँची एड़ी के जूते पर आ रहा है
To face the music,తప్పు చేసిన ఫలితాలను అనుభవించడం,गलत के परिणामों का अनुभव करना
To feel under the weather,ఆరోగ్యంగా లేనట్టు అనిపించడం,स्वस्थ होने लगता है
To get cold feet,చివరి నిమిషంలో భయపడిపోవడం,अंतिम मिनट में चिंतित
To get out of hand,అదుపులో లేకపోవడం,नियंत्रण का अभाव
To give the benefit of the doubt,అనుమానం ఉన్నా విశ్వసించడం,संदेह में विश्वास
To go back to the drawing board,మొదటి నుంచి మళ్లీ మొదలుపెట్టడం,खरोंच से फिर से शुरू
To hit the road,ప్రయాణం ప్రారంభించడం,यात्रा शुरू करना
To jump on the bandwagon,విజయవంతమైన పనిలో చేరడం,सफल काम में शामिल होना
To keep at bay,దూరంగా ఉంచడం,दूर रखना
To keep fingers crossed,శుభం జరగాలని కోరుకోవడం,ऐसा होना चाहते हैं
To keep in the loop,సమాచారం అందించడం,जानकारी प्रदान करना
To let bygones be bygones,పాత విషయాలను వదిలేయడం,पुरानी चीजों को छोड़कर
To make ends meet,తగినంత డబ్బుతో గడవడం,पर्याप्त धन के साथ उठने के लिए
To miss the boat,అవకాశాన్ని కోల్పోవడం,एक अवसर खोना
To pull the plug,ఆపివేయడం,बंद करें
To put the cart before the horse,తారుమారు క్రమంలో చేయడం,हेरफेर का आदेश करना
To rain cats and dogs,భారీ వర్షం పడడం,हेवी रेन फॉल्स
To save for a rainy day,భవిష్యత్తు కోసం దాచుకోవడం,भविष्य के लिए छिपाना
To see eye to eye,ఒకే అభిప్రాయం కలిగి ఉండడం,एक राय रखने के लिए
To smell blood,బలహీనత చూసి దాడి చేయడం,हमले की कमजोरी
To spill over,నియంత్రణ తప్పి వ్యాప్తి చెందడం,प्रकोप
To stand one’s ground,తన అభిప్రాయం నిలబెట్టుకోవడం,उनकी राय को बनाए रखना
To take a back seat,ప్రధాన పాత్ర నుంచి వెనక్కి తగ్గడం,मुख्य चरित्र से वापस कम करना
To take the bull by the horns,కష్టాన్ని ధైర్యంగా ఎదుర్కోవడం,कठिनाई की कठिनाई का सामना करने के लिए
Tongue-in-cheek,సరదాగా చెప్పినది,मज़ा ने कहा
Too good to be true,నిజం కాదనిపించేంత మంచి,यह सच नहीं बनाने के लिए पर्याप्त है
Turn a blind eye,పట్టించుకోకపోవడం,की उपेक्षा
Turn the tables,పరిస్థితి తారుమారు చేయడం,स्थिति में हेरफेर किया जाता है
Under one’s nose,కనబడే దగ్గరే,उपस्थिति के पास
Under the table,"రహస్యంగా, అక్రమంగా","गुप्त रूप से, अवैध रूप से"
Under the weather,ఆరోగ్యంగా లేని,स्वस्थ नहीं है
Up in the air,ఇంకా నిర్ణయించని,अभी तक फैसला नहीं किया
Walk in someone’s shoes,వేరొకరి పరిస్థితిని అనుభవించడం,किसी और की स्थिति का अनुभव करना
Walk the talk,చెప్పింది చేసి చూపించడం,कहते हैं और दिखाते हैं
Water under the bridge,పాత విషయాన్ని మర్చిపోవడం,पुरानी चीज़ को भूलकर
Wear your heart on your sleeve,భావాలను బహిరంగంగా చూపించడం,भावनाओं को खुले तौर पर दिखा रहा है
Wild goose chase,వృథా ప్రయత్నం,व्यर्थ प्रयास
With flying colors,అద్భుత విజయంతో,एक अद्भुत सफलता के साथ
Word of mouth,మాటల ద్వారా ప్రచారం,शब्दों द्वारा प्रचारित
Worth its weight in gold,అమూల్యమైనది,अमूल्य है
You can’t have your cake and eat it too,రెండూ ఒకేసారి సాధ్యం కాదు,दोनों एक बार में संभव नहीं हैं
"You scratch my back, I’ll scratch yours",పరస్పర సహాయం,पारस्परिक सहायता
Your guess is as good as mine,నాకు కూడా తెలియదు,मैं भी नहीं जानता
Zero tolerance,అసలు సహనం లేకపోవడం,वास्तविक धैर्य की कमी
Zip your lip,నోరు మూయడం,मुंह बंद करना
Above board,నిజాయితీగా,ईमानदारी से
Ace up one’s sleeve,రహస్యంగా ఉన్న ప్రయోజనం,गुप्त होने का उद्देश्य
Across the board,అందరికీ వర్తించేలా,सभी पर लागू करने के लिए
Against the clock,తక్కువ సమయం లో పూర్తి చేయడం,थोड़े समय में पूरा करना
All ears,శ్రద్ధగా వినడం,ध्यान से सुनना
All set,సిద్ధంగా ఉండటం,तैयार होना
At arm’s length,కొంత దూరంగా,थोड़ा दूर
At the drop of a hat,వెంటనే,तुरंत
Back to square one,మొదటికి తిరిగి రావడం,पहले वापस आओ
Ballpark figure,సుమారుగా అంచనా,लगभग अनुमान
Behind closed doors,రహస్యంగా,गुप्त रूप से
Bend over backwards,చాలా కష్టపడటం,बहुत कठिन
Big fish in a small pond,చిన్న వర్గంలో పెద్దవాడిలా ఉండడం,एक छोटी श्रेणी में एक वयस्क की तरह होना
Blind leading the blind,తెలియని వారు మరొకరిని నడిపించడం,एक और ड्राइविंग करने के लिए अज्ञात
Break the bank,చాలా ఖర్చు అవ్వడం,बहुत सारी लागत
Bring home the bacon,కుటుంబానికి సంపాదించడం,परिवार के लिए कमाई
By the book,నియమాలను పాటించడం,नियमों का पालन करते हुए
By the skin of your teeth,చాలా కష్టపడి గట్టెక్కడం,बहुत कठिन
Catch someone red-handed,నేరం చేస్తున్నప్పుడు పట్టుకోవడం,अपराध करते हुए पकड़ना
Checkmate,పూర్తిగా ఓడించడం,पूरी तरह से पराजित
Come to grips with,సమస్యను అర్థం చేసుకుని ఎదుర్కోవడం,समस्या को समझें और सामना करें
Cook the books,అక్రమంగా లెక్కలు మార్చడం,गणना को अवैध रूप से बदलना
Cry over spilt milk,జరిగినదాని మీద బాధపడటం,क्या हुआ पर दुख
Cut and dried,"స్థిరమైనది, మార్పు లేని","निरंतर, अपरिवर्तित"
Devil’s own luck,అసాధారణ అదృష్టం,असामान्य भाग्य
Down to earth,వాస్తవానికి దగ్గరగా ఉండే వ్యక్తి,वह व्यक्ति जो वास्तव में करीब है
Drag one’s feet,ఉద్దేశపూర్వకంగా ఆలస్యం చేయడం,जानबूझकर देरी
Dutch courage,మద్యం తాగి వచ్చిన ధైర్యం,शराब पीने की हिम्मत
Eat humble pie,పొరపాటు అంగీకరించి క్షమాపణ చెప్పడం,स्वीकार किया और माफी मांगी
Eye for an eye,ప్రతీకారం తీర్చుకోవడం,बदला लेने के लिए
Fall from grace,గౌరవం కోల్పోవడం,सम्मान खोना
Feather in one’s cap,గర్వకారణం,गर्व
Few and far between,చాలా అరుదుగా,बहुत मुश्किल से ही
Fool’s gold,నిజం కాని ప్రయోజనం,सच्चाई उद्देश्य है
For good measure,అదనంగా,इसके अलावा
From scratch,మొదటి నుంచి,शुरूुआत से
Give someone the cold shoulder,నిర్లక్ష్యం చేయడం,की अनदेखी
Go hand in hand,కలిసే ఉండటం,मिलने के लिए
Go the extra mile,అదనపు కృషి చేయడం,अतिरिक्त प्रयास करना
Half-baked idea,పూర్తిగా ఆలోచించని ఆలోచన,वह विचार जो पूरी तरह से नहीं सोचा गया है
Hang in there,ఓపికతో కొనసాగడం,धैर्य के साथ जारी रखना
Have an axe to grind,స్వలాభం కోసం ప్రయత్నించడం,स्वार्थ के लिए कोशिश करना
Have bigger fish to fry,ఇంకా ముఖ్యమైన పనులు ఉండడం,अभी भी महत्वपूर्ण कार्य हैं
Have the last laugh,చివరికి గెలవడం,अंत में जीतना
Hear it on the grapevine,వదంతుల ద్వారా వినడం,अफवाहों के माध्यम से सुनना
Hit the books,చదువుకోవడం,पढ़ना
Hit the jackpot,పెద్ద విజయాన్ని పొందడం,बड़ी सफलता प्राप्त करना
Hold all the aces,అన్ని ప్రయోజనాలు కలిగి ఉండటం,सभी फायदे हैं
Hold water,నమ్మదగినది,विश्वसनीय है
In hot water,కష్టాల్లో పడడం,मुसीबत में पड़ने के लिए
In leaps and bounds,చాలా వేగంగా,बहुत तेज
In the nick of time,చివరి నిమిషంలో,अंतिम मिनट में
In the same breath,ఒకేసారి రెండు విషయాలు చెప్పడం,एक बार में दो बातें कहने के लिए
In the spotlight,అందరి దృష్టిలో,सभी की नजर में
It takes two to tango,రెండు పక్షాలూ కారణం అవ్వాలి,दोनों पक्षों का कारण होना चाहिए
Jack of all trades,అన్ని పనులు కొద్దిగా తెలిసిన వ్యక్తి,एक व्यक्ति जो सभी कार्यों को थोड़ा जानता है
Jump the gun,సమయానికి ముందే ప్రారంభించడం,समय से पहले शुरू
Keep body and soul together,కనీస అవసరాలు తీర్చుకోవడం,न्यूनतम आवश्यकताओं को पूरा करने के लिए
Keep your chin up,ధైర్యంగా ఉండడం,बहादुर होना
Kick the bucket,మరణించడం,मरना
Know the ropes,ఎలా చేయాలో బాగా తెలుసుకోవడం,अच्छी तरह से जानना कि कैसे करना है
Last straw,సహనం ముగిసే స్థితి,धैर्य की स्थिति
Lay cards on the table,నిజం బయట పెట్టడం,सच्चाई को बाहर करना
Learn the hard way,కష్టాల ద్వారా నేర్చుకోవడం,कठिनाई के माध्यम से सीखना
Leave no stone unturned,అన్ని ప్రయత్నాలు చేయడం,सभी प्रयास कर रहे हैं
Let off steam,కోపం తీర్చుకోవడం,खून खौलना
Like water off a duck’s back,ఎటువంటి ప్రభావం లేకపోవడం,किसी भी प्रभाव की कमी
Lion’s share,పెద్ద భాగం,एक बड़ा हिस्सा
Live and let live,ఇతరులను వదిలివేయడం,दूसरों को छोड़ना
Long shot,విజయావకాశం తక్కువ,सफलता कम है
Look before you leap,ముందే ఆలోచించు,पहले सोचें
Lose your touch,నైపుణ్యం కోల్పోవడం,कौशल की हानि
Make a long story short,సంక్షిప్తంగా చెప్పడం,संक्षेप में कहने के लिए
Make waves,చర్చకు దారి తీసేలా చేయడం,यह बहस के लिए अग्रणी है
Man of the moment,ఆ సమయంలో ముఖ్యమైన వ్యక్తి,उस समय एक महत्वपूर्ण व्यक्ति
Move mountains,అసాధ్యాన్ని సాధ్యం చేయడం,असंभव बनाना असंभव है
Neck and neck,సమానంగా పోటీపడటం,समान रूप से प्रतिस्पर्धा करने के लिए
Nest egg,దాచిన డబ్బు,छिपा हुआ धन
New kid on the block,కొత్త వ్యక్తి,एक नया व्यक्ति
No-brainer,ఆలోచించకుండా సులభంగా అర్థమయ్యేది,बिना सोचे समझे आसानी से समझ सकते हैं
Not playing with a full deck,పూర్తిగా తెలివి లేని వ్యక్తి,एक व्यक्ति जो पूरी तरह से बेवकूफ है
Off the beaten track,సాధారణంగా లేని,अकारण
On a shoestring budget,తక్కువ ఖర్చుతో,कम लागत पर
On the ball,అప్రమత్తంగా ఉండడం,सतर्क रहना
On the fence,నిర్ణయం తీసుకోకపోవడం,निर्णय नहीं कर रहा है
"Once bitten, twice shy",ఒకసారి మోసపోతే మళ్లీ జాగ్రత్తగా ఉండడం,एक बार फिर से सावधान रहने के लिए धोखा दिया
Out of the blue,అకస్మాత్తుగా,अचानक
Out of this world,అద్భుతమైనది,अद्भुत है
Over the moon,చాలా సంతోషంగా,बहुत खुश
Part and parcel,ముఖ్యమైన భాగం,महत्वपूर्ण भाग
Pass with flying colors,అద్భుత విజయంతో పాస్ అవ్వడం,एक शानदार जीत के साथ गुजरना
Piece of cake,చాలా సులభమైన పని,बहुत आसान काम
Pipe dream,అసాధ్యమైన కల,एक असंभव सपना
Play it by ear,పరిస్థితి చూసి నిర్ణయం తీసుకోవడం,फ़ैसला
Poker face,భావాలు కనబడకుండా ఉంచడం,भावनाओं को प्रदर्शित करने से रोकना
Pull someone’s leg,సరదాగా ఎగతాళి చేయడం,मज़ा का मज़ा लेना
Put a sock in it,నోరు మూయమని చెప్పడం,मुझे मुंह बंद करने के लिए कहो
Quick and dirty,త్వరగా చేసినా సరైనది కాదు,जल्दी से किया लेकिन सही नहीं
Rags to riches,పేదరికం నుంచి సంపన్నతకు,गरीबी से समृद्धि के लिए
Rain on someone’s parade,వారి ఆనందం చెడగొట్టడం,उनकी खुशी परेशान कर रही है
Red herring,దారి తప్పించే విషయం,रास्ते से बाहर का रास्ता
Rise and shine,లేచి శక్తిగా ఉండటం,ऊपर होना और शक्तिशाली होना
Rome wasn’t built in a day,గొప్ప పనులు ఒక రోజులో జరగవు,एक दिन में महान कार्य नहीं होते हैं
Round the clock,24 గంటలు నిరంతరం,लगातार 24 घंटे
Rule the roost,నియంత్రణ కలిగి ఉండడం,नियंत्रण करने के लिए
Run out of steam,శక్తి అయిపోవడం,शक्ति की शक्ति
Same boat,ఒకే పరిస్థితిలో,उसी स्थिति में
See eye to eye,ఏకాభిప్రాయం కలిగి ఉండడం,एक आम सहमति है
Sell like hot cakes,చాలా వేగంగా అమ్ముడవ్వడం,बहुत तेजी से बेचना
Shoot the breeze,అప్రయోజకంగా మాట్లాడటం,प्यार की स्थिति में बोलते हुए
Sink or swim,విజయమా ఓటమా అనేది ప్రయత్నంపైనే ఆధారపడి ఉంటుంది,विजयमा ओटामा प्रयास पर निर्भर करता है
Sit tight,ఓపికగా ఎదురుచూడడం,धैर्यपूर्वक प्रत्याशित
Sleep like a log,గాఢనిద్రలో పడిపోవడం,गहरी नींद में गिरना
Small talk,చిన్న విషయాల మీద మాటలు,छोटी चीजों पर शब्द
Smell a rat,అనుమానం రావడం,संदेह आ रहा है
Snake in the grass,దొంగతనపు శత్రువు,डकैती दुश्मन
Snowball effect,క్రమంగా పెద్దదవుతూ పోవడం,धीरे -धीरे बड़ा हो रहा है
Speak of the devil,ఎవరినీ చెప్పగానే వారు రావడం,जब वे कहते हैं कि वे नहीं आ रहे हैं
Split hairs,చిన్న విషయాల మీద వాదించడం,मामूली बातों पर बहस करना
Spread like wildfire,వేగంగా వ్యాప్తి చెందడం,तेजी से फैलने के लिए
Stab in the back,మోసం చేయడం,बेईमानी करना
Stand tall,గర్వంగా నిలబడడం,खड़े होकर गर्व से
Start from scratch,మొదటి నుంచి మొదలుపెట్టడం,खरोंच से शुरू
Step up one’s game,తన పనితీరు మెరుగుపరచడం,उनके प्रदर्शन में सुधार
Stick to your guns,అభిప్రాయాన్ని మార్చుకోకుండా ఉండడం,प्रतिक्रिया बदलने से बचने के लिए
Straight from the horse’s mouth,నేరుగా విశ్వసనీయ వనరునుంచి,सीधे एक विश्वसनीय संसाधन से
Strike while the iron is hot,సరైన సమయాన్ని ఉపయోగించుకోండి,सही समय का उपयोग करें
Take a rain check,తర్వాత చేస్తానని చెప్పడం,यह कहने के लिए कि वह बाद में ऐसा करेगा
Take it with a pinch of salt,పూర్తిగా నమ్మకండి,पूरी तरह से भरोसा मत करो
Take the cake,అత్యంత విచిత్రంగా ఉండటం,सबसे अजीब होने के नाते
The ballpark figure,సుమారు అంచనా,लगभग अनुमान
The bottom line,ముఖ్యమైన విషయం,खास बात
The lion’s share,పెద్ద భాగం,एक बड़ा हिस्सा
The sky’s the limit,పరిమితి లేదు,कोई सीमा नहीं है
The writing on the wall,రాబోయే ప్రమాదం స్పష్టంగా కనిపించడం,आगामी जोखिम स्पष्ट दिखाई दे रहा है
Thick and thin,అన్ని పరిస్థితుల్లో,हर हाल में
Think outside the box,భిన్నంగా ఆలోచించడం,अलग तरह से सोचने के लिए
Through thick and thin,ఎల్లప్పుడూ,हमेशा
Throw cold water on,ఉత్సాహం తగ్గించడం,उत्तेजना को कम करना
Pick up the pieces,విఫలమైన తర్వాత మళ్లీ మొదలు పెట్టడం,असफल होने के बाद फिर से शुरू
Play hardball,కఠినంగా వ్యవహరించడం,कठोर व्यवहार करना
Play it safe,రిస్క్ తీసుకోకుండా జాగ్రత్తగా వ్యవహరించడం,सावधान रहने के लिए जोखिम न लेने के लिए
Play with fire,ప్రమాదకరమైన పని చేయడం,खतरनाक काम करना
Pop the question,పెళ్లి ప్రపోజ్ చేయడం,शादी का प्रस्ताव
Pull a fast one,మోసం చేయడం,बेईमानी करना
Pull the plug,ఆపివేయడం,बंद करें
Pull your weight,తన పనిని సరిగా చేయడం,अपना काम ठीक से कर रहा है
Push the envelope,పరిమితులను దాటడం,सीमा पार करना
Put a sock in it,నిశ్శబ్దంగా ఉండు,चुप रहें
Put down roots,స్థిరపడటం,तय किया हुआ
Put in a good word,సిఫారసు చేయడం,की सिफारिश
Put the cart before the horse,తారుమారు క్రమంలో చేయడం,हेरफेर का आदेश करना
Put your money where your mouth is,మాటలకన్నా చర్యలు చేయడం,शब्दों की तुलना में कार्रवाई करना
Rags to riches,పేదరికం నుంచి సంపదకు చేరడం,गरीबी से धन तक पहुंचने के लिए
Rain on someone’s parade,ఎవరి ఆనందం చెడగొట్టడం,जिसकी खुशी परेशान कर रही है
Raise eyebrows,ఆశ్చర్యం కలిగించడం,आश्चर्यचकित करना
Raise the bar,ప్రమాణాన్ని పెంచడం,मानक बढ़ाना
Rake someone over the coals,కఠినంగా మందలించడం,कसकर फटकार
Read someone the riot act,కఠినంగా హెచ్చరించడం,कसकर चेतावनी
Red tape,అవసరం లేని ప్రభుత్వ విధానాలు,सरकारी नीतियां जिनकी आवश्यकता नहीं है
Red-handed,నేరం చేస్తూ పట్టుకోవడం,अपराध को पकड़ना
Rest on your laurels,గత విజయాలపై ఆధారపడటం,पिछली उपलब्धियों पर भरोसा करना
Ride high,విజయవంతంగా ఉండటం,सफल होना
Right off the bat,వెంటనే,तुरंत
Ring a bell,ఎక్కడో విన్నట్టుగా అనిపించడం,कहीं सुनने जैसा लगता है
Rise and shine,లేచి పనిని మొదలు పెట్టు,उठो और काम करना शुरू करो
Road to recovery,కోలుకునే దశలో ఉండటం,एक पुनर्प्राप्ति चरण में होना
Rob Peter to pay Paul,ఒకరి దగ్గర తీసుకొని మరొకరికి ఇవ్వడం,एक दूसरे को देना
Rock and hard place,రెండు కష్టాల మధ్య ఇరుక్కుపోవడం,दो कठिनाइयों के बीच अटक गया
Roll out the red carpet,ఘన స్వాగతం ఇవ్వడం,ठोस स्वागत दे रहा है
Roll with the punches,పరిస్థితికి తగ్గట్టు మారడం,स्थिति पर स्विच करना
Rub salt in the wound,బాధను మరింత పెంచడం,दर्द बढ़ाना
Rule the roost,ఆధిపత్యం చెలాయించడం,प्रभाव
Run in circles,ఫలితం లేకుండా కష్టపడటం,परिणाम के बिना कठिन
Run of the mill,సాధారణమైనది,सामान्य है
Saved by the bell,చివరి నిమిషంలో కాపాడబడటం,अंतिम समय में बचाया जाना
Scapegoat,నిందలు మోసే వ్యక్తి,वह व्यक्ति जो इसके अलावा दोषी है
Scratch someone’s back,సహాయం చేసి ప్రతిఫలం ఆశించడం,मदद करें और इनाम की उम्मीद करें
Second to none,అద్భుతమైనది,अद्भुत है
See eye to eye,ఒకే అభిప్రాయంలో ఉండటం,एक ही राय में होना
See the light,అర్థం చేసుకోవడం,समझ में
See the writing on the wall,జరగబోయే సమస్యను ముందే గమనించడం,उस समस्या से पहले जो होने वाला है
Sell like hotcakes,వేగంగా అమ్ముడవ్వడం,तेजी से बेचना
Send shivers down your spine,భయం పుట్టించడం,डर का डर
Set in stone,మార్చలేని నిర్ణయం,एक निर्णय जिसे बदला नहीं जा सकता
Set the record straight,నిజం చెప్పడం,सच बोलने के लिए
Shake a leg,త్వరగా కదలడం,जल्दी से आगे बढ़ना
Shape up or ship out,మారకపోతే బయటకు వెళ్ళు,अगर नहीं बदला तो बाहर जाओ
Shoot the breeze,సరదాగా మాట్లాడుకోవడం,मज़ा की बात करना
Shotgun wedding,తప్పనిసరిగా జరిగిన పెళ్లి,शादी हुई शादी
Show the ropes,పని ఎలా చేయాలో నేర్పడం,कैसे काम करना सिखाना
Silver lining,ప్రతికూలంలో మంచిది,नकारात्मक में अच्छा है
Sink or swim,విజయం లేదా ఓటమి,सफलता या पराजय
Six feet under,చనిపోవడం,मरना
Skeleton staff,కనీస సిబ్బంది,न्यूनतम कर्मचारी
Skid row,పేదరిక జీవితం,गरीबी जीवन
Sleep like a log,గాఢ నిద్రలో పడటం,गहरी नींद में सो रहा है
Slip through the cracks,గమనించకపోవడం,सूचित नहीं
Slow and steady wins the race,నిదానంగా కానీ పట్టుదలతో చేస్తే విజయం,धीरे -धीरे लेकिन सफल
Small talk,చిన్న మాటలు,छोटे शब्द
Smoke and mirrors,మోసం చేసే ప్రదర్శన,धोखा देने की प्रस्तुति
Snowball effect,క్రమంగా పెరిగిపోవడం,धीरे -धीरे बढ़ रहा है
So far so good,ఇప్పటివరకు బాగానే ఉంది,अब तक अच्छा है
Spanner in the works,సమస్య సృష్టించడం,एक समस्या पैदा करना
Speak volumes,ఎక్కువ చెప్పకపోయినా అర్థమవ్వడం,बहुत ज्यादा समझ
Spick and span,"శుభ్రంగా, కొత్తగా","स्वच्छ, नया"
Spin your wheels,ఫలితం లేకుండా కష్టపడటం,परिणाम के बिना कठिन
Split hairs,చిన్న విషయాలను పెద్దది చేయడం,छोटी चीजें बड़ी बनाना
Square one,మొదటి దశ,पहला कदम
Stand your ground,తన అభిప్రాయం వదలకపోవడం,अपनी राय छोड़ने के लिए नहीं
Start from scratch,మొదటి నుంచి మొదలు పెట్టడం,शुरुआत से शुरू
State of the art,అత్యాధునికమైనది,अचानक
Steal the show,అందరి దృష్టిని ఆకర్షించడం,सभी का ध्यान आकर्षित करना
Stick your neck out,రిస్క్ తీసుకోవడం,जोखिम लेने
Stone’s throw,దగ్గరగా,निकटता से
Stormy relationship,గొడవలతో కూడిన సంబంధం,छाता के साथ एक रिश्ता
Stranger things have happened,ఆశ్చర్యకరమైనవి జరిగినవి,आश्चर्य हुआ
Stretch the truth,కొంత అబద్ధం కలపడం,कुछ झूठ का संयोजन
Stuffed shirt,అతిశయంగా ప్రవర్తించే వ్యక్తి,एक व्यक्ति जो अतिरंजित व्यवहार करता है
Swim against the tide,అందరికీ విరుద్ధంగా చేయడం,सभी के विपरीत करना
Take a leaf out of someone’s book,ఎవరి ఉదాహరణ తీసుకోవడం,जिसका उदाहरण लेना है
Take a toll,ప్రభావం చూపించడం,एक प्रभाव बनाने के लिए
Take French leave,చెప్పకుండా వెళ్లిపోవడం,बिना कहे बाहर जाना
Take someone to the cleaners,మోసం చేసి డబ్బు తీయడం,बेईमानी करना
Take the wind out of someone’s sails,ఎవరి ఉత్సాహం తగ్గించడం,किसके उत्साह को कम करना
"Talk the talk, walk the walk",మాటలతో పాటు పనిలో కూడా చూపించడం,भाषण
Talk turkey,నిజాయితీగా మాట్లాడడం,ईमानदारी से बात कर रहे हैं
Throw in the towel,ఓటమిని అంగీకరించడం,हार स्वीकार करना
Throw someone under the bus,ఎవరోని త్యాగం చేయించడం,किसी को बलिदान करने के लिए
Tie the knot,పెళ్లి చేసుకోవడం,शादी होना
Tight spot,కష్ట పరిస్థితి,एक मुश्किल स्थिति
Time is money,సమయమే సంపద,समय धन है
Tip of the iceberg,సమస్యలో చిన్న భాగమే కనిపించడం,समस्या का एक छोटा सा हिस्सा प्रतीत होता है
Toe the line,నియమాలు పాటించడం,नियमों का पालन करने के लिए
Tongue in cheek,వ్యంగ్యంగా చెప్పడం,व्यंग्यात्मक रूप से बता रहा है
Too many irons in the fire,చాలా పనులు ఒకేసారి చేయడం,एक बार में ज्यादातर काम कर रहे हैं
Touch and go,అనిశ్చితి పరిస్థితి,अनिश्चितता की स्थिति
Turn over a new leaf,కొత్తగా మొదలు పెట్టడం,नया शुरू करना
Turn the other cheek,ప్రతీకారం తీసుకోకుండా వదిలేయడం,बदला लेने के बिना छोड़ने के लिए
Under the radar,గమనించకుండా ఉండడం,बचा जाना चाहिए
Under the table,"రహస్యంగా, అక్రమంగా","गुप्त रूप से, अवैध रूप से"
Up in arms,ఆగ్రహంగా ఉండటం,गुस्सा होना
Upset the apple cart,ప్రణాళిక చెడగొట్టడం,नियोजन
Use your loaf,మెదడు వాడుకో,मस्तिष्क का उपयोग करें
Vanishing act,ఒక్కసారిగా మాయం కావడం,अचानक खाया
Virtue is its own reward,మంచి పని చేసినదే ఫలితం,क्या अच्छा काम किया है का परिणाम
Wait for the other shoe to drop,తర్వాత సమస్య వచ్చే వరకు వేచిచూడడం,समस्या के बाद तक इंतजार करना
Walking on eggshells,జాగ్రత్తగా ప్రవర్తించడం,सावधानी से व्यवहार करना
Wash your dirty linen in public,వ్యక్తిగత విషయాలు బయట చెప్పడం,बाहर की व्यक्तिगत बातें बताने के लिए
Watch like a hawk,బాగా గమనించడం,अच्छी तरह से देख रहा है
Water off a duck’s back,ఎటువంటి ప్రభావం చూపకపోవడం,कोई प्रभाव नहीं है
Wear many hats,ఎన్నో పాత్రలు పోషించడం,कई भूमिकाएँ निभाते हैं
Wear your heart on your sleeve,భావాలను బయట పెట్టడం,भावनाओं को बाहर करना
"When it rains, it pours",ఒకేసారి ఎక్కువగా జరగడం,एक बार में हो रहा है
White elephant,అవసరం లేని భారమైన వస్తువు,बोझल
Wild card,అంచనా వేయలేని విషయం,ऐसा कुछ है जिसका आकलन नहीं किया जा सकता है
Wild goose chase,వృథా ప్రయాస,बर्बाद
Win by a nose,త్రుటిలో గెలవడం,सच्चाई में जीतना
Win hands down,సులభంగా గెలవడం,आसानी से जीतना
Wolf in sheep’s clothing,బయటకు మంచివాడిలా కనిపించే చెడ్డవాడు,खराब
Word on the street,వదంతి,अफवाह
Work your fingers to the bone,బాగా కష్టపడటం,अच्छी तरह से
Wrap it up,ముగించడం,समाप्ति
Yes-man,ఎప్పుడూ అంగీకరించే వ్యక్తి,एक व्यक्ति जो हमेशा स्वीकार करता है
You can’t have your cake and eat it too,రెండూ ప్రయోజనాలు పొందడం సాధ్యం కాదు,दोनों लाभ प्राप्त करने में सक्षम नहीं हैं
Zero tolerance,కఠినంగా వ్యవహరించడం,कठोर व्यवहार करना
Zip one’s lip,నిశ్శబ్దంగా ఉండడం,शांत रहने के लिए
Above board,నిజాయితీగా,ईमानदारी से
Against all odds,అన్ని అడ్డంకులు దాటుకుని,सभी बाधाओं को पार करना
All bark and no bite,మాటలే కానీ పనిలేకపోవడం,शब्द लेकिन काम करने में असमर्थता
All in all,మొత్తంగా,एक पूरे के रूप में
All thumbs,పనికిరాని వ్యక్తి,बेकार व्यक्ति
Apple of discord,గొడవకు కారణం,टकराव का कारण
As easy as pie,చాలా ఈజీగా,बहुत आसान
As the crow flies,నేరుగా,सीधा
At daggers drawn,శత్రుత్వంలో ఉండటం,दुश्मनों में होना
At your wit’s end,సహనం కోల్పోవడం,धैर्य खोना
Backseat driver,అనవసర సలహాలు ఇచ్చేవాడు,वह जो अनावश्यक सलाह देता है
Bad blood,శత్రుత్వం,शत्रुतापूर्ण
Bag of bones,చాలా సన్నగా ఉండే వ్యక్తి,एक आदमी जो बहुत पतला है
Ballpark estimate,అంచనా సంఖ్య,अनुमानित संख्या
Bank on it,నమ్ముకోవడం,विश्वास करना
Bark is worse than bite,"మాటలు మాత్రమే, పనిలేదు","केवल शब्द, काम नहीं कर रहे हैं"
Be beside yourself,చాలా బాధపడటం,बहुत दुखद
Be in the driver’s seat,నియంత్రణలో ఉండటం,नियंत्रण में होना
Be on the fence,నిర్ణయం తీసుకోకపోవడం,निर्णय नहीं कर रहा है
Be up in the air,నిర్ణయం కాలేదు,तय नहीं किया जा सका
Beat the clock,సమయానికి పూర్తి చేయడం,समय में खत्म करने के लिए
Behind the times,పాతకాలపు వ్యక్తి,विंटेज व्यक्ति
Bite the dust,చనిపోవడం,मरना
Bitter pill to swallow,అంగీకరించడానికి కష్టం,स्वीकार करना मुश्किल है
Black and blue,గాయపడ్డ,घायल
Black sheep,చెడ్డ పేరు తెచ్చినవాడు,वह जो एक बुरा नाम लाता है
Blind leading the blind,తెలియనివాడు ఇతరులను నడిపించడం,दूसरों का नेतृत्व करने के लिए अज्ञात
Blow your own trumpet,తనను తాను పొగడడం,खुद धूम्रपान करने के लिए
Blue blood,రాజ వంశానికి చెందినవాడు,वह शाही कबीले से संबंधित है
Boil the ocean,అసాధ్యం చేయాలని ప్రయత్నించడం,असंभव करने की कोशिश कर रहा है
Born with a silver spoon,సంపన్న కుటుంబంలో పుట్టినవాడు,एक अमीर परिवार में पैदा हुआ
Break new ground,కొత్తది ప్రారంభించడం,नया शुरू करना
Bring home the bacon,కుటుంబానికి ఆదాయం తెచ్చిపెట్టడం,परिवार के लिए आय लाओ
Brownie points,అదనపు గుర్తింపు,अतिरिक्त पहचान
Brush under the carpet,దాచిపెట్టడం,छुपाना
Bull in a china shop,జాగ్రత్తలేకుండా పని చేయడం,सावधानी के बिना काम करने के लिए
Burn daylight,సమయం వృథా చేయడం,खाक फाँकना
By leaps and bounds,వేగంగా అభివృద్ధి చెందడం,तेजी से विकसित करने के लिए
By the book,నియమాలను పాటించడం,नियमों का पालन करते हुए
Call it a night,రాత్రి పనిని ఆపివేయడం,रात का काम रोकना
Can’t cut the mustard,పనికిరావడం,बेकार
Carry weight,ప్రభావం చూపించడం,एक प्रभाव बनाने के लिए
Catch-22,ఇరుక్కుపోయే పరిస్థితి,एक ऐसी स्थिति जो अटक गई है
Caught red-handed,నేరం చేస్తూ పట్టుకోవడం,अपराध को पकड़ना
Chew the fat,సరదాగా మాట్లాడుకోవడం,मज़ा की बात करना
Chicken-hearted,భయపడే వ్యక్తి,एक व्यक्ति जो डरता है
Cliffhanger,అనిశ్చితి పరిస్థితి,अनिश्चितता की स्थिति
Close shave,త్రుటిలో తప్పించుకోవడం,सत्य में भागना
Come rain or shine,ఏ పరిస్థితిలోనైనా,किसी भी स्थिति में
Cook the books,అక్రమంగా లెక్కలు మార్చడం,गणना को अवैध रूप से बदलना
Cool customer,శాంతంగా ఉండే వ్యక్తి,एक व्यक्ति जो एक शांतिपूर्ण में है
Cry over spilt milk,జరిగిన దాన్ని గురించి వాపోవడం,क्या हुआ
Cry wolf,అబద్ధపు హెచ్చరికలు ఇవ్వడం,झूठी चेतावनी देना
Curiosity killed the cat,ఎక్కువ ఆసక్తి ప్రమాదకరం,सबसे दिलचस्प खतरनाक है
Cut a long story short,సంక్షిప్తంగా చెప్పడం,संक्षेप में कहने के लिए
Cut the Gordian knot,క్లిష్టమైన సమస్యను సులభంగా పరిష్కరించడం,आसानी से एक महत्वपूर्ण समस्या को हल करना
Dance with death,ప్రమాదంలో పడటం,खतरे में पड़ने के लिए
Day in and day out,రోజూ,नियमित रूप से
Dead ringer,ఒకేలా కనిపించే వ్యక్తి,वह व्यक्ति जो समान दिखता है
Deal a blow,హాని కలిగించడం,के कारण नुकसान
Devil is in the details,చిన్న విషయాలు ముఖ్యమైనవి,छोटी चीजें महत्वपूर्ण हैं
Die hard,తొలగించడం కష్టం,इसे निकालना मुश्किल है
Dig deep,కష్టపడి ప్రయత్నించడం,मेहनत की जा रही है
Dirty laundry,వ్యక్తిగత విషయాలు బయట పెట్టడం,व्यक्तिगत चीजों को बाहर करना
Dog days of summer,వేసవిలో వేడి రోజులు,गर्मियों में गर्म दिन
Don’t bite off more than you can chew,మీ సామర్థ్యానికి మించి చేయవద్దు,अपनी क्षमता से परे मत करो
Don’t put all your eggs in one basket,ఒకే అవకాశంపై ఆధారపడవద్దు,एक ही अवसर पर भरोसा न करें
Down to the wire,చివరి నిమిషం వరకు,अंतिम मिनट तक
Draw a blank,గుర్తు రాకపోవడం,एक निशान नहीं
Drop the ball,తప్పు చేయడం,गलत करना
Dutch treat,ఖర్చు పంచుకోవడం,साझाकरण लागत
Dwell on the past,గతాన్ని మర్చిపోకుండా ఉండటం,अतीत को भूलने के लिए
Toe the line,నియమాలను పాటించడం,नियमों का पालन करते हुए
Turn the other cheek,ప్రతీకారం తీయకపోవడం,बदला नहीं
Under the gun,ఒత్తిడిలో ఉండటం,तनाव में होना
Under wraps,రహస్యంగా ఉంచడం,रहस्य रखना
Up for grabs,ఎవరికైనా దొరకగలిగేది,कोई भी इसे पा सकता है
Upset the apple cart,ప్రణాళిక చెడగొట్టడం,नियोजन
Use your loaf,మెదడు వాడుకోవడం,मस्तिष्क का उपयोग करना
Value for money,డబ్బుకి తగిన విలువ,पैसे के लिए उचित रूप से लायक
Vanishing act,అకస్మాత్తుగా మాయమవ్వడం,अचानक गायब हो गया
Variety is the spice of life,భిన్నతే జీవితానికి రుచికరమని,जीवन के लिए अलग
Vicious circle,చెడు పరిణామాల చక్రం,बुरे परिणामों का चक्र
Voice of reason,వివేకంతో మాట్లాడేవాడు,वह जो ज्ञान के साथ बोलता है
Wait for the dust to settle,పరిస్థితి సర్దుకోవడం వరకు వేచి ఉండడం,स्थिति को समायोजित करने तक प्रतीक्षा करना
Walk on air,చాలా సంతోషంగా ఉండటం,बहुत खुश होना
Walk the line,జాగ్రత్తగా వ్యవహరించడం,सावधान रहने के लिए
Wash one’s hands of,సంబంధం లేకుండా పోవడం,निम्न पर ध्यान दिए बगैर
Watch your step,జాగ్రత్తగా ఉండడం,सावधान रहने के लिए
Water down,బలహీనపరచడం,कमजोर
Wear and tear,ఉపయోగంతో దెబ్బతినడం,उपयोग के साथ नुकसान
Well-oiled machine,సజావుగా నడిచే వ్యవస్థ,सुचारू रूप से चलने की एक प्रणाली
Wet behind the ears,అనుభవం లేని,अनुभवहीन
When pigs fly,అసాధ్యం,असंभव
Wild card,ఊహించలేని వ్యక్తి లేదా విషయం,एक अप्रत्याशित व्यक्ति या बात
Win hands down,సులభంగా గెలవడం,आसानी से जीतना
Wipe the slate clean,పాత విషయాలను మర్చిపోవడం,पुरानी चीजों को भूलकर
With a heavy heart,బాధతో,उदासी से
Wolf in sheep’s clothing,బయటకు మంచివాడిలా కనిపించే చెడ్డవాడు,खराब
Word for word,పదే పదం,बार -बार शब्द
Work against the clock,సమయానికి పోటీపడుతూ పని చేయడం,समय में प्रतिस्पर्धा करने के लिए
Worth a shot,ప్రయత్నం చేయదగినది,प्रयास किया जाना है
Wipe out,పూర్తిగా నాశనం చేయడం,पूरी तरह से नष्ट करना
X marks the spot,ఖచ్చితమైన స్థానం,सही स्थिति
Yellow-bellied,పిరికి మనిషి,शर्मीला आदमी
Yes-man,ఎల్లప్పుడూ అంగీకరించే వ్యక్తి,एक व्यक्ति जो हमेशा स्वीकार करता है
You are what you eat,తినే ఆహారమే ఆరోగ్యాన్ని నిర్ణయిస్తుంది,खाना खाने से स्वास्थ्य निर्धारित होता है
You can’t judge a book by its cover,బయటకు చూసి నిర్ణయం తీసుకోకండి,निर्णय न करें और निर्णय लें
Your days are numbered,సమయం తక్కువగా మిగిలింది,समय कम छोड़ दिया
Zip through,త్వరగా పూర్తి చేయడం,जल्दी से उपवास करना
Zone out,దృష్టి కోల్పోవడం,दृष्टि खोना
A blast from the past,గతాన్ని గుర్తుచేసేది,अतीत को याद करते हुए
A dime a dozen,చాలా సాధారణమైనది,बहुत सरल
A leopard can’t change its spots,స్వభావం మారదు,प्रकृति नहीं बदलती है
A penny for your thoughts,నీ ఆలోచన ఏమిటో చెప్పు,मुझे बताओ कि आपका विचार क्या है
A snowball’s chance in hell,అసలు అవకాశం లేనిది,मूल संभावना
Actions speak louder than words,మాటలకన్నా పనులు ముఖ్యము,कार्य शब्दों से अधिक महत्वपूर्ण हैं
Add insult to injury,మరింత అవమానం కలిగించడం,अधिक शर्म की बात है
All in the same boat,ఒకే పరిస్థితిలో,उसी स्थिति में
All that glitters is not gold,మెరుస్తుందన్నా బంగారం కాదు,सोना सोना नहीं है
An apple a day keeps the doctor away,ఆరోగ్యానికి మంచి అలవాటు,स्वास्थ्य की एक अच्छी आदत
An arm and a leg,చాలా ఖరీదైనది,बहुत महँगा
As cool as a cucumber,ప్రశాంతంగా ఉండటం,शांत होना
As fit as a fiddle,ఆరోగ్యంగా,स्वस्थ
As good as gold,చాలా మంచివాడు,बहुत अच्छा
As luck would have it,అదృష్టవశాత్తు,सौभाग्य से
At the eleventh hour,చివరి నిమిషంలో,अंतिम मिनट में
At wit’s end,ఇక ఆలోచన లేకపోవడం,अब सोचने की कमी नहीं
Back against the wall,కష్టాల్లో ఇరుక్కోవడం,प्रतिकूलता में फंसना
Backseat driver,అప్రయోజకంగా సలహాలు ఇచ్చేవాడు,वह जो खुद को सलाह देता है
Bad apple,చెడు వ్యక్తి,एक बुरा व्यक्ति
Baker’s dozen,13 సంఖ్య,13 संख्या
Bark up the wrong tree,తప్పు వ్యక్తిని నిందించడం,गलत व्यक्ति को दोष देना
Basket case,పనికిరాని వ్యక్తి,बेकार व्यक्ति
Be in someone’s shoes,వేరొకరి పరిస్థితిలో ఉండటం,किसी और की स्थिति में होना
Be on cloud nine,చాలా సంతోషంగా,बहुत खुश
Beat around the bush,ముఖ్య విషయానికి రాకపోవడం,एड़ी पर आने के लिए नहीं
Behind someone’s back,రహస్యంగా,गुप्त रूप से
Bite the bullet,కష్టం అంగీకరించడం,कठिनाई स्वीकार करना
Bite your tongue,నోరు మూయడం,मुंह बंद करना
Black sheep,కుటుంబంలో చెడ్డ పేరు కలిగినవాడు,परिवार
Blessing in disguise,మొదట చెడుగా కనిపించినా మంచిగా మారినది,पहले बुरा लग रहा था लेकिन अच्छा निकला
Blow hot and cold,అభిప్రాయం మారుతూ ఉండడం,राय बदल रही है
Boil the ocean,అసాధ్యమైన పని ప్రయత్నించడం,असंभव कार्य का प्रयास करना
Bone to pick,వాదనకు కారణం,तर्क का कारण
Born with a silver spoon,సంపన్న కుటుంబంలో పుట్టడం,एक अमीर परिवार में पैदा हुआ
Break a leg,శుభాకాంక్షలు,शुभकामनाएं
Bring to light,బయట పెట్టడం,उत्पादित करना
Burn the candle at both ends,చాలా శ్రమించడం,काम करने के लिए बहुत अधिक
Burst your bubble,కల చెడగొట్టడం,सपना
By hook or by crook,ఏదో ఒక విధంగా,किसी तरह
Call a spade a spade,నిజం చెప్పడం,सच बोलने के लिए
Call it a day,ఆ రోజు పనిని ఆపివేయడం,उस दिन काम को रोकना
Can’t hold a candle to,సరితూగలేనిది,अनुचित है
Carry the torch,మద్దతు ఇవ్వడం,समर्थन देना
Cast in stone,మార్పు లేనిది,अपरिवर्तित है
Cat nap,చిన్న నిద్ర,छोटी नींद
Catch-22,దిక్కుతోచని పరిస్థితి,अव्यवस्थित स्थिति
Chill out,ప్రశాంతంగా ఉండడం,शांत होना
Chip off the old block,తండ్రి లాంటి కొడుకు,एक पिता जैसा पुत्र
Clam up,మాట్లాడకపోవడం,मत बोलो
Close call,తృటిలో తప్పించుకోవడం,संकीर्ण रूप से भागना
Cold comfort,చిన్న సాంత్వన,छोटे सामाजिक
Cold feet,చివరి నిమిషంలో భయపడిపోవడం,अंतिम मिनट में चिंतित
Come clean,నిజం చెప్పడం,सच बोलने के लिए
Come rain or shine,ఏ పరిస్థితిలోనైనా,किसी भी स्थिति में
Cook up,కల్పించడం,यह बनाने के लिए
Cost a fortune,చాలా ఖరీదైనది,बहुत महँगा
Couch potato,ఎప్పుడూ కూర్చునే వ్యక్తి,एक व्यक्ति जो हमेशा बैठता है
Crack the whip,కఠినంగా నియంత్రించడం,कसकर नियंत्रित करना
Crash course,త్వరగా నేర్పే కోర్సు,जल्दी से पढ़ाने का एक कोर्स
Cross the line,పరిమితిని దాటడం,सीमा पार करना
Cry wolf,అబద్ధంగా సహాయం కోరడం,झूठी मदद करने की कोशिश की
Cut corners,తక్కువ కష్టంతో చేయడం,कम मुश्किल के साथ कर रहे हैं
Dark horse,ఊహించని విజేత,एक अप्रत्याशित विजेता
Daylight robbery,బహిరంగ దోపిడీ,खुला शोषण
Dead end,దారి లేకపోవడం,पथ का अभाव
Devil’s advocate,వాదన కోసం ప్రతివాదం చేయడం,एक तर्क के लिए पदोन्नति
Dodge a bullet,ప్రమాదం తప్పించుకోవడం,खतरे से बचें
Don’t bite off more than you can chew,సామర్థ్యం కంటే ఎక్కువ పనిని చేపట్టకండి,क्षमता से अधिक काम न करें
Don’t count your chickens before they hatch,ముందుగానే ఆశలు పెట్టుకోకండి,पहले से उम्मीद नहीं है
Don’t cry over spilled milk,జరిగినదాన్ని మర్చిపోండి,क्या हुआ भूल जाओ
Don’t put all your eggs in one basket,ఒకే మార్గంపై ఆధారపడకండి,एक ही मार्ग पर भरोसा न करें
Down in the dumps,నిరాశగా ఉండడం,हताश होना
Draw the line,పరిమితి పెట్టడం,सीमा डालना
Dry run,ప్రాక్టీస్,अभ्यास
Easier said than done,"చెప్పడం సులభం, చేయడం కష్టం","यह बताना आसान है, यह करना मुश्किल है"
Eleventh hour,చివరి నిమిషంలో,अंतिम मिनट में
End of the rope,ఇక సహనం లేకపోవడం,धैर्य की कमी अब नहीं
Every cloud has a silver lining,ప్రతి కష్టానికి మంచి వైపు ఉంటుంది,एक अच्छे पक्ष पर होने के लिए हर मुश्किल
Fall flat,విఫలమవ్వడం,असफलता
Feast your eyes on,ఆస్వాదించమని చూడడం,आनंद लेने के लिए देख रहे हैं
Fight fire with fire,అదే రీతిలో ప్రతీకారం తీర్చుకోవడం,उसी मोड में बदला लेने के लिए
Fish out of water,అసౌకర్యంగా ఉండటం,असहज होना
Flash in the pan,తాత్కాలిక విజయం,अस्थायी सफलता
Fly off the handle,అకస్మాత్తుగా కోపం రావడం,अचानक गुस्सा
Follow suit,ఇతరులను అనుసరించడం,दूसरों का अनुसरण करें
Food for thought,ఆలోచింపజేసేది,सोच
For crying out loud,అసహనం వ్యక్తం చేయడం,शर्मिंदगी व्यक्त करना
From the horse’s mouth,నమ్మదగిన వనరు,एक विश्वसनीय संसाधन
Full of beans,ఉత్సాహంగా,उत्साहपूर्वक
Game changer,పెద్ద మార్పు తీసుకువచ్చేది,बड़ा बदलाव लाया गया है
Get a kick out of,ఆనందించడం,आनंद के लिए
Get ducks in a row,సక్రమంగా సిద్ధం కావడం,अनियमित रूप से तैयार करें
Get even,ప్రతీకారం తీర్చుకోవడం,बदला लेने के लिए
Get the ball rolling,ప్రారంభించడం,आरंभ
Get your act together,క్రమబద్ధంగా వ్యవహరించడం,नियमित रूप से इलाज करना
Gift of the gab,మాట్లాడే ప్రతిభ,प्रतिभाशाली प्रतिभा
Give it a shot,ప్రయత్నించడం,कोशिश करने की कोशिश कर रहा है
Go down in flames,ఘోరంగా విఫలమవ్వడం,बुरी तरह से असफल
Go down the drain,వృథా అవ్వడం,बर्बाद कर
Go Dutch,ఖర్చు పంచుకోవడం,साझाकरण लागत
Go out on a limb,ప్రమాదం చేయడం,दुर्घटना करना
Go the whole nine yards,పూర్తిగా చేయడం,पूरी तरह से कर रहे हैं
Golden opportunity,అమూల్యమైన అవకాశం,एक अमूल्य अवसर
Good Samaritan,మంచి సహాయం చేసే వ్యక్తి,एक व्यक्ति जो बेहतर मदद करता है
Grasp at straws,చివరి ప్రయత్నం,अंतिम प्रयास
Green light,అనుమతి,अनुबद्ध
Green with envy,అసూయతో,ईर्ष्या के साथ
Grin from ear to ear,పెద్దగా నవ్వడం,हंसते हुए बड़ा
Guilty pleasure,సిగ్గుపడినా ఆనందించేది,शर्म की बात है
Hair’s breadth,తృటిలో,बाल बाल
Hand to mouth,కనీస అవసరాలతో గడపడం,न्यूनतम आवश्यकताओं के साथ खर्च करने के लिए
Have a ball,చాలా ఆనందించడం,बहुत आनंद लेने के लिए
Have a bone to pick,వాదనకు కారణం,तर्क का कारण
Have a chip on your shoulder,"కోపం, బాధతో ఉండటం","गुस्सा, उदास होना"
Have an edge,ప్రయోజనం కలిగి ఉండటం,लाभ उठाना
Have bigger fish to fry,ఇంకా ముఖ్యమైన పనులు ఉండటం,अभी तक महत्वपूर्ण कार्यों की उपस्थिति
Have butterflies in your stomach,టెన్షన్ ఫీలవ్వడం,तनाव महसूस करना
Have the guts,ధైర్యం ఉండడం,साहसी होना
Head over heels,పూర్తిగా ప్రేమలో పడటం,पूरी तरह से प्यार में पड़ रहा है
Hear a pin drop,గాఢ నిశ్శబ్దం,सबसे गहरी चुप्पी
Hit the ground running,ఉత్సాహంగా ప్రారంభించడం,उत्साह से शुरू करना
Hold your horses,ఓపికగా ఉండడం,सब्र करते हुए
Hot potato,కష్టమైన సమస్య,एक मुश्किल समस्या
In black and white,స్పష్టంగా రాసినది,स्पष्ट रूप से लिखा हुआ
In cold blood,క్రూరంగా,बेतहाशा
In high spirits,ఉత్సాహంగా,उत्साहपूर्वक
In the bag,ఖచ్చితమైనది,पूर्ण है
In the long run,చివరికి,अंततः
In the red,అప్పులో ఉండటం,कर्ज में होना
In the same boat,ఒకే పరిస్థితిలో,उसी स्थिति में
Jack up,పెంచడం,की बढ़ती
Jump the bandwagon,విజయవంతమైన పనిలో చేరడం,सफल काम में शामिल होना
Keep an eye on,జాగ్రత్తగా గమనించడం,ध्यान से अवलोकन
Keep one’s cool,ప్రశాంతంగా ఉండడం,शांत होना
Keep your fingers crossed,శుభం జరగాలని కోరుకోవడం,ऐसा होना चाहते हैं
Kick up a fuss,గొడవ చేయడం,टकराव करना
Kill two birds with one stone,ఒకే పనితో రెండు ప్రయోజనాలు పొందడం,एक ही काम के साथ दो लाभ प्राप्त करें
Knock on wood,దురదృష్టం రాకూడదని కోరుకోవడం,दुर्भाग्य प्राप्त करना चाहते हैं
Know the ropes,ఎలా చేయాలో బాగా తెలుసుకోవడం,अच्छी तरह से जानना कि कैसे करना है
Laugh all the way to the bank,సులభంగా డబ్బు సంపాదించడం,आसान पैसा
Learn the ropes,పని ఎలా చేయాలో నేర్చుకోవడం,काम करना सीखना
Let sleeping dogs lie,పాత సమస్యను ముట్టుకోకపోవడం,पुरानी समस्या को नहीं छूना
Let the cat out of the bag,రహస్యం బయటపెట్టడం,रहस्य को उजागर करना
Light at the end of the tunnel,కష్టాల తర్వాత ఆశ కలిగించే సూచన,प्रतिकूलता के बाद उम्मीद का संदर्भ
"Like father, like son",తండ్రిలా కొడుకు,पिता का पुत्र
Like two peas in a pod,చాలా పోలిక ఉండటం,बहुत तुलना होने के नाते
Live wire,ఉత్సాహంగా ఉండే వ్యక్తి,एक व्यक्ति जो उत्साही है
Look on the bright side,సానుకూలంగా ఆలోచించడం,सकारात्मक रूप से सोचने के लिए
Lose your marbles,పిచ్చి పట్టడం,पागलपन
Low-hanging fruit,సులభంగా దొరికే అవకాశం,आसानी से मिलने का अवसर
Make a killing,పెద్ద లాభం పొందడం,एक बड़ा लाभ प्राप्त करें
Make head or tail of,అర్థం చేసుకోవడం,समझ में
Make your mark,విజయవంతం అవ్వడం,सफल होने के लिए
Monkey business,మోసపూరితమైన పని,धोखेबाज का कार्य
Mum’s the word,రహస్యంగా ఉంచడం,रहस्य रखना
Neck of the woods,ప్రాంతం,क्षेत्र
No love lost,విరోధం,इसके विपरीत
Not one’s cup of tea,ఆసక్తి లేని పని,कार्य जो दिलचस्पी नहीं है
On thin ice,ప్రమాదకర స్థితిలో,एक खतरनाक स्थिति में
Once in a blue moon,చాలా అరుదుగా,बहुत मुश्किल से ही
